{"cameraMode":{"drawMode":0,"name":"Shaded","section":"Shading Mode"},"sceneLighting":false,"audioPlay":false,"sceneViewState":{"m_AlwaysRefresh":false,"showFog":true,"showSkybox":false,"showFlares":true,"showImageEffects":true,"showParticleSystems":true,"showVisualEffectGraphs":true,"m_FxEnabled":true},"in2DMode":false,"pivot":{"x":1.365164041519165,"y":-0.05755878984928131,"z":-0.4537050127983093},"rotation":{"x":0.032333869487047198,"y":0.8142009973526001,"z":-0.04546264559030533,"w":0.5781388282775879},"size":0.1231757253408432,"orthographic":false}